year,href,title,legacy
2025,assets/files/2025/06/ArielFrancaisEuropeanSecurityintheageofTrumpandPutinFOGGSPaperJune2025.pdf,ArielFrancaisEuropeanSecurityintheageofTrumpandPutinFOGGSPaperJune2025,/wp-content/uploads/2025/06/ArielFrancaisEuropeanSecurityintheageofTrumpandPutinFOGGSPaperJune2025.pdf
2025,assets/files/2025/02/Discussion-Note-FOGGS-open-consultation-on-climate-action-20-January-2025-FINALb.pdf,Discussion Note FOGGS open consultation on climate action 20 January 2025 FINALb,/wp-content/uploads/2025/02/Discussion-Note-FOGGS-open-consultation-on-climate-action-20-January-2025-FINALb.pdf
2025,assets/files/2025/02/Discussion-Note-FOGGS-open-consultation-on-Decolonising-the-UN-10-February-2025_Final.pdf,Discussion Note FOGGS open consultation on Decolonising the UN 10 February 2025 Final,/wp-content/uploads/2025/02/Discussion-Note-FOGGS-open-consultation-on-Decolonising-the-UN-10-February-2025_Final.pdf
2025,assets/files/2025/06/DiscussionSummary_OpenConsultation8.pdf,DiscussionSummary OpenConsultation8,/wp-content/uploads/2025/06/DiscussionSummary_OpenConsultation8.pdf
2025,assets/files/2025/03/FOGGSOpenConsultationMonday6-Discussion-Note-March-2025.pdf,FOGGSOpenConsultationMonday6 Discussion Note March 2025,/wp-content/uploads/2025/03/FOGGSOpenConsultationMonday6-Discussion-Note-March-2025.pdf
2025,assets/files/2025/06/FrancisODonnell_FOGGSPaper_WorldPeaceReclaimingtheUNanditsIdeals.pdf,FrancisODonnell FOGGSPaper WorldPeaceReclaimingtheUNanditsIdeals,/wp-content/uploads/2025/06/FrancisODonnell_FOGGSPaper_WorldPeaceReclaimingtheUNanditsIdeals.pdf
2025,assets/files/2025/06/SudhaReddyJudgementDayinGazaFOGGSPaperJune2025.pdf,SudhaReddyJudgementDayinGazaFOGGSPaperJune2025,/wp-content/uploads/2025/06/SudhaReddyJudgementDayinGazaFOGGSPaperJune2025.pdf
2025,assets/files/2025/04/Summary_FOGGS-Open-Consultation-7.pdf,Summary FOGGS Open Consultation 7,/wp-content/uploads/2025/04/Summary_FOGGS-Open-Consultation-7.pdf
2025,assets/files/2025/02/UN-FFD4-Townhall_7Feb2025_FOGGS-intervention.pdf,UN FFD4 Townhall 7Feb2025 FOGGS intervention,/wp-content/uploads/2025/02/UN-FFD4-Townhall_7Feb2025_FOGGS-intervention.pdf
2025,assets/files/2025/03/The-ROLE-OF-MIDDLE-POWERS-GK-presentation-at-Cape-Town-26Mar2025c.pdf,The ROLE OF MIDDLE POWERS GK presentation at Cape Town 26Mar2025c,/wp-content/uploads/2025/03/The-ROLE-OF-MIDDLE-POWERS-GK-presentation-at-Cape-Town-26Mar2025c.pdf
2025,assets/files/2025/04/ECOCIDE_GREECE_SPARTA_070425-Παρουσίαση-Χριστίνας-Ευθυμιάτου-στο-sparta.komvos.pdf,ECOCIDE GREECE SPARTA 070425 Παρουσίαση Χριστίνας Ευθυμιάτου στο sparta.komvos,/wp-content/uploads/2025/04/ECOCIDE_GREECE_SPARTA_070425-Παρουσίαση-Χριστίνας-Ευθυμιάτου-στο-sparta.komvos.pdf
2025,assets/files/2025/05/UN-CHARTER-AT-80-Call-by-former-UN-system-staff_PRG-plus-23-May-2025.pdf,UN CHARTER AT 80 Call by former UN system staff PRG plus 23 May 2025,/wp-content/uploads/2025/05/UN-CHARTER-AT-80-Call-by-former-UN-system-staff_PRG-plus-23-May-2025.pdf
2025,assets/files/2025/06/COMMUNICATO-STAMPA-Appello-Carta-delle-Nazioni-Unite-a-80anni.pdf,COMMUNICATO STAMPA Appello Carta delle Nazioni Unite a 80anni,/wp-content/uploads/2025/06/COMMUNICATO-STAMPA-Appello-Carta-delle-Nazioni-Unite-a-80anni.pdf
2025,assets/files/2025/06/COMMUNIQUE-DE-PRESSE-Appel-Charte-des-Nations-Unies-a-80-ans.pdf,COMMUNIQUE DE PRESSE Appel Charte des Nations Unies a 80 ans,/wp-content/uploads/2025/06/COMMUNIQUE-DE-PRESSE-Appel-Charte-des-Nations-Unies-a-80-ans.pdf
2025,assets/files/2025/06/COMUNICADO-DE-PRENSA-Llamamiento-para-la-Carta-ONU.pdf,COMUNICADO DE PRENSA Llamamiento para la Carta ONU,/wp-content/uploads/2025/06/COMUNICADO-DE-PRENSA-Llamamiento-para-la-Carta-ONU.pdf
2025,assets/files/2025/06/Club-de-Madrid-member-signatories.pdf,Club de Madrid member signatories,/wp-content/uploads/2025/06/Club-de-Madrid-member-signatories.pdf
2025,assets/files/2025/06/PRESS-RELEASE-Call-UN-Charter-at-80.pdf,PRESS RELEASE Call UN Charter at 80,/wp-content/uploads/2025/06/PRESS-RELEASE-Call-UN-Charter-at-80.pdf
2025,assets/files/2025/06/PRESS-RELEASE-UN-Charter-at-80-ENG.pdf,PRESS RELEASE UN Charter at 80 ENG,/wp-content/uploads/2025/06/PRESS-RELEASE-UN-Charter-at-80-ENG.pdf
2025,assets/files/2025/06/PRESS-RELEASE-UN-Charter-at-80-FR.pdf,PRESS RELEASE UN Charter at 80 FR,/wp-content/uploads/2025/06/PRESS-RELEASE-UN-Charter-at-80-FR.pdf
2025,assets/files/2025/06/PRESS-RELEASE-UN-Charter-at-80-GER.pdf,PRESS RELEASE UN Charter at 80 GER,/wp-content/uploads/2025/06/PRESS-RELEASE-UN-Charter-at-80-GER.pdf
2025,assets/files/2025/06/PRESS-RELEASE-UN-Charter-at-80-IT.pdf,PRESS RELEASE UN Charter at 80 IT,/wp-content/uploads/2025/06/PRESS-RELEASE-UN-Charter-at-80-IT.pdf
2025,assets/files/2025/06/PRESS-RELEASE-UN-Charter-at-80-PORT.pdf,PRESS RELEASE UN Charter at 80 PORT,/wp-content/uploads/2025/06/PRESS-RELEASE-UN-Charter-at-80-PORT.pdf
2025,assets/files/2025/06/PRESS-RELEASE-UN-Charter-at-80-SP.pdf,PRESS RELEASE UN Charter at 80 SP,/wp-content/uploads/2025/06/PRESS-RELEASE-UN-Charter-at-80-SP.pdf
2025,assets/files/2025/06/UN-CHARTER-AT-80-AR.pdf,UN CHARTER AT 80 AR,/wp-content/uploads/2025/06/UN-CHARTER-AT-80-AR.pdf
2025,assets/files/2025/06/UN-CHARTER-AT-80-CHIN.pdf,UN CHARTER AT 80 CHIN,/wp-content/uploads/2025/06/UN-CHARTER-AT-80-CHIN.pdf
2025,assets/files/2025/06/UN-CHARTER-AT-80-ENG.pdf,UN CHARTER AT 80 ENG,/wp-content/uploads/2025/06/UN-CHARTER-AT-80-ENG.pdf
2025,assets/files/2025/06/UN-CHARTER-AT-80-ESPERANTO.pdf,UN CHARTER AT 80 ESPERANTO,/wp-content/uploads/2025/06/UN-CHARTER-AT-80-ESPERANTO.pdf
2025,assets/files/2025/06/UN-CHARTER-AT-80-FR.pdf,UN CHARTER AT 80 FR,/wp-content/uploads/2025/06/UN-CHARTER-AT-80-FR.pdf
2025,assets/files/2025/06/UN-CHARTER-AT-80-GER.pdf,UN CHARTER AT 80 GER,/wp-content/uploads/2025/06/UN-CHARTER-AT-80-GER.pdf
2025,assets/files/2025/06/UN-CHARTER-AT-80-IT.pdf,UN CHARTER AT 80 IT,/wp-content/uploads/2025/06/UN-CHARTER-AT-80-IT.pdf
2025,assets/files/2025/06/UN-CHARTER-AT-80-JAP.pdf,UN CHARTER AT 80 JAP,/wp-content/uploads/2025/06/UN-CHARTER-AT-80-JAP.pdf
2025,assets/files/2025/06/UN-CHARTER-AT-80-KOR.pdf,UN CHARTER AT 80 KOR,/wp-content/uploads/2025/06/UN-CHARTER-AT-80-KOR.pdf
2025,assets/files/2025/06/UN-CHARTER-AT-80-PORT.pdf,UN CHARTER AT 80 PORT,/wp-content/uploads/2025/06/UN-CHARTER-AT-80-PORT.pdf
2025,assets/files/2025/06/UN-CHARTER-AT-80-RUS.pdf,UN CHARTER AT 80 RUS,/wp-content/uploads/2025/06/UN-CHARTER-AT-80-RUS.pdf
2025,assets/files/2025/06/UN-CHARTER-AT-80-SP.pdf,UN CHARTER AT 80 SP,/wp-content/uploads/2025/06/UN-CHARTER-AT-80-SP.pdf
2025,assets/files/2025/08/Concept-Note-for-FOGGS-open-Consultation-of-15-Sept-2025_Rev-1.pdf,Concept Note for FOGGS open Consultation of 15 Sept 2025 Rev 1,/wp-content/uploads/2025/08/Concept-Note-for-FOGGS-open-Consultation-of-15-Sept-2025_Rev-1.pdf
2025,assets/files/2025/10/Nov-10-concept-note-Global-South-Perspectives-on-the-United-Nations.pdf,Nov 10 concept note Global South Perspectives on the United Nations,/wp-content/uploads/2025/10/Nov-10-concept-note-Global-South-Perspectives-on-the-United-Nations.pdf
2024,assets/files/2024/04/2024.04.10-REFLECTIONS-ON-THE-ZERO-DRAFT-OF-THE-PACT-FOR-THE-FUTURE.pdf,2024.04.10 REFLECTIONS ON THE ZERO DRAFT OF THE PACT FOR THE FUTURE,/wp-content/uploads/2024/04/2024.04.10-REFLECTIONS-ON-THE-ZERO-DRAFT-OF-THE-PACT-FOR-THE-FUTURE.pdf
2024,assets/files/2024/05/2024UNCSC_ImPact-for-the-Future-Outcome-Package.pdf,2024UNCSC ImPact for the Future Outcome Package,/wp-content/uploads/2024/05/2024UNCSC_ImPact-for-the-Future-Outcome-Package.pdf
2024,assets/files/2024/10/A-NEW-COUNCIL-FOGGS-text-Final-but-needs-reformating-7Aug2024formatted.pdf,A NEW COUNCIL FOGGS text Final but needs reformating 7Aug2024formatted,/wp-content/uploads/2024/10/A-NEW-COUNCIL-FOGGS-text-Final-but-needs-reformating-7Aug2024formatted.pdf
2024,assets/files/2024/10/Call-to-end-ME-violence-Final-with-signatures-23-24-Oct-2024.pdf,Call to end ME violence Final with signatures 23 24 Oct 2024,/wp-content/uploads/2024/10/Call-to-end-ME-violence-Final-with-signatures-23-24-Oct-2024.pdf
2024,assets/files/2024/10/Call-to-World-Leaders-on-Gaza-Final-27-Dec-2023-with-Signatories.pdf,Call to World Leaders on Gaza Final 27 Dec 2023 with Signatories,/wp-content/uploads/2024/10/Call-to-World-Leaders-on-Gaza-Final-27-Dec-2023-with-Signatories.pdf
2024,assets/files/2024/02/DEMOCRAT_Tallin-Conference-Agenda-27-28-Feb-2024.pdf,DEMOCRAT Tallin Conference Agenda 27 28 Feb 2024,/wp-content/uploads/2024/02/DEMOCRAT_Tallin-Conference-Agenda-27-28-Feb-2024.pdf
2024,assets/files/2024/12/Discussion-summary-for-Building-a-Culture-of-Peace-at-a-Time-of-Global-Turmoil-FOGGS-Open-Consultation-no.3_9-December-2024.pdf,Discussion summary for Building a Culture of Peace at a Time of Global Turmoil FOGGS Open Consultation no.3 9 December 2024,/wp-content/uploads/2024/12/Discussion-summary-for-Building-a-Culture-of-Peace-at-a-Time-of-Global-Turmoil-FOGGS-Open-Consultation-no.3_9-December-2024.pdf
2024,assets/files/2024/04/FOGGS_Paper_RunningOutofDiplomats_09April2024.pdf,FOGGS Paper RunningOutofDiplomats 09April2024,/wp-content/uploads/2024/04/FOGGS_Paper_RunningOutofDiplomats_09April2024.pdf
2024,assets/files/2024/05/FOGGS-Response-to-Rev-1-of-the-Pact-for-the-Future-30-May-2024.pdf,FOGGS Response to Rev 1 of the Pact for the Future 30 May 2024,/wp-content/uploads/2024/05/FOGGS-Response-to-Rev-1-of-the-Pact-for-the-Future-30-May-2024.pdf
2024,assets/files/2024/12/FOGGS_WorkingPaper_StrategicForesight_December2024.pdf,FOGGS WorkingPaper StrategicForesight December2024,/wp-content/uploads/2024/12/FOGGS_WorkingPaper_StrategicForesight_December2024.pdf
2024,assets/files/2024/05/FOGGSPaper_RussiaUkraineWarandUNCharter_May2024.pdf,FOGGSPaper RussiaUkraineWarandUNCharter May2024,/wp-content/uploads/2024/05/FOGGSPaper_RussiaUkraineWarandUNCharter_May2024.pdf
2024,assets/files/2024/11/FrancisMODonnell_Resolving_the_Israel_Palestine_Conundrum_FOGGS_Paper_November_2024.pdf,FrancisMODonnell Resolving the Israel Palestine Conundrum FOGGS Paper November 2024,/wp-content/uploads/2024/11/FrancisMODonnell_Resolving_the_Israel_Palestine_Conundrum_FOGGS_Paper_November_2024.pdf
2024,assets/files/2024/09/GarySlutkin_ViolenceasaPandemic_FOGGSPaper_Aug2024.pdf,GarySlutkin ViolenceasaPandemic FOGGSPaper Aug2024,/wp-content/uploads/2024/09/GarySlutkin_ViolenceasaPandemic_FOGGSPaper_Aug2024.pdf
2024,assets/files/2024/06/Gaza-open-letter-by-PRG-3-June-2024_wSignatories.pdf,Gaza open letter by PRG 3 June 2024 wSignatories,/wp-content/uploads/2024/06/Gaza-open-letter-by-PRG-3-June-2024_wSignatories.pdf
2024,assets/files/2024/09/GRC-concept-FOGGSIGDISI_16Aug2024.pdf,GRC concept FOGGSIGDISI 16Aug2024,/wp-content/uploads/2024/09/GRC-concept-FOGGSIGDISI_16Aug2024.pdf
2024,assets/files/2024/11/Letter-to-PGA-on-Middle-East_from-former-UN-staff_with-signatures-22Nov2024_Final.pdf,Letter to PGA on Middle East from former UN staff with signatures 22Nov2024 Final,/wp-content/uploads/2024/11/Letter-to-PGA-on-Middle-East_from-former-UN-staff_with-signatures-22Nov2024_Final.pdf
2024,assets/files/2024/11/Letter-to-UNSC-President-on-Middle-East_from-former-UN-staff_with-signatures-22Nov2024_Final.pdf,Letter to UNSC President on Middle East from former UN staff with signatures 22Nov2024 Final,/wp-content/uploads/2024/11/Letter-to-UNSC-President-on-Middle-East_from-former-UN-staff_with-signatures-22Nov2024_Final.pdf
2024,assets/files/2024/10/PRG-Statement-in-support-of-UNSG-with-Signatories.pdf,PRG Statement in support of UNSG with Signatories,/wp-content/uploads/2024/10/PRG-Statement-in-support-of-UNSG-with-Signatories.pdf
2024,assets/files/2024/01/Signatories-of-the-PRG-Call-for-UNSC-resolution-2720-Immediate-Follow-Up.pdf,Signatories of the PRG Call for UNSC resolution 2720 Immediate Follow Up,/wp-content/uploads/2024/01/Signatories-of-the-PRG-Call-for-UNSC-resolution-2720-Immediate-Follow-Up.pdf
2024,assets/files/2024/09/SudhaReddy_WeaponizationofFood_FOGGSPaper_Sept2024.pdf,SudhaReddy WeaponizationofFood FOGGSPaper Sept2024,/wp-content/uploads/2024/09/SudhaReddy_WeaponizationofFood_FOGGSPaper_Sept2024.pdf
2024,assets/files/2024/01/FOGGS-written-submission-to-SOTF-process_31-December-2023.pdf,FOGGS written submission to SOTF process 31 December 2023,/wp-content/uploads/2024/01/FOGGS-written-submission-to-SOTF-process_31-December-2023.pdf
2024,assets/files/2024/04/Letter-to-SG-on-ERC-Final.pdf,Letter to SG on ERC Final,/wp-content/uploads/2024/04/Letter-to-SG-on-ERC-Final.pdf
2024,assets/files/2024/05/Gaza-open-letter-by-PRG-3-June-2024.pdf,Gaza open letter by PRG 3 June 2024,/wp-content/uploads/2024/05/Gaza-open-letter-by-PRG-3-June-2024.pdf
2024,assets/files/2024/10/A-Raft-for-the-Future-FOGGS-UN-Day-Event.pdf,A Raft for the Future FOGGS UN Day Event,/wp-content/uploads/2024/10/A-Raft-for-the-Future-FOGGS-UN-Day-Event.pdf
2024,assets/files/2024/10/PRG-Call-to-end-ME-violence-20-Oct-2024.pdf,PRG Call to end ME violence 20 Oct 2024,/wp-content/uploads/2024/10/PRG-Call-to-end-ME-violence-20-Oct-2024.pdf
2024,assets/files/2024/11/FancisMODonnell_Resolving_the_Israel_Palestine_Conundrum_FOGGS_Paper_November_2024.pdf,FancisMODonnell Resolving the Israel Palestine Conundrum FOGGS Paper November 2024,/wp-content/uploads/2024/11/FancisMODonnell_Resolving_the_Israel_Palestine_Conundrum_FOGGS_Paper_November_2024.pdf
2024,assets/files/2024/12/G_STAMATAKOS_LECTURE_AT_SPARTA_KOMVOS_21_DEC_2024_VERSION_2024_DEC_19_T_10_13_EET_FINAL_FINAL.pdf,G STAMATAKOS LECTURE AT SPARTA KOMVOS 21 DEC 2024 VERSION 2024 DEC 19 T 10 13 EET FINAL FINAL,/wp-content/uploads/2024/12/G_STAMATAKOS_LECTURE_AT_SPARTA_KOMVOS_21_DEC_2024_VERSION_2024_DEC_19_T_10_13_EET_FINAL_FINAL.pdf
2024,assets/files/2024/12/ONE_LEAF_LEAFLET_G_STAMATAKOS_SPARTA_KOMVOS_2024_DEC_19_T_10_04_EET_FINAL_FINAL.pdf,ONE LEAF LEAFLET G STAMATAKOS SPARTA KOMVOS 2024 DEC 19 T 10 04 EET FINAL FINAL,/wp-content/uploads/2024/12/ONE_LEAF_LEAFLET_G_STAMATAKOS_SPARTA_KOMVOS_2024_DEC_19_T_10_04_EET_FINAL_FINAL.pdf
2023,assets/files/2023/09/Article-on-PRG-Michael-Askwith-in-BAFUNCS-Newsletter-Autumn-2023.pdf,Article on PRG Michael Askwith in BAFUNCS Newsletter Autumn 2023,/wp-content/uploads/2023/09/Article-on-PRG-Michael-Askwith-in-BAFUNCS-Newsletter-Autumn-2023.pdf
2023,assets/files/2023/12/Call-to-World-Leaders-on-Gaza-Final-27-Dec-2023.pdf,Call to World Leaders on Gaza Final 27 Dec 2023,/wp-content/uploads/2023/12/Call-to-World-Leaders-on-Gaza-Final-27-Dec-2023.pdf
2023,assets/files/2023/09/FOGGS-and-HumanizaCom_Global-South-Perspectives-Report_September-2023.pdf,FOGGS and HumanizaCom Global South Perspectives Report September 2023,/wp-content/uploads/2023/09/FOGGS-and-HumanizaCom_Global-South-Perspectives-Report_September-2023.pdf
2023,assets/files/2023/08/FOGGS-Paper-20231-Reflection-Paper.pdf,FOGGS Paper 20231 Reflection Paper,/wp-content/uploads/2023/08/FOGGS-Paper-20231-Reflection-Paper.pdf
2023,assets/files/2023/06/Letter-to-UNSG-on-Ukraine-with-signatures-of-former-UN-staff-with-Addendum-April2022.pdf,Letter to UNSG on Ukraine with signatures of former UN staff with Addendum April2022,/wp-content/uploads/2023/06/Letter-to-UNSG-on-Ukraine-with-signatures-of-former-UN-staff-with-Addendum-April2022.pdf
2023,assets/files/2023/06/Letter-to-UNSG-on-Ukraine-with-signatures-of-former-UN-staff-with-Addendum-April2023.pdf,Letter to UNSG on Ukraine with signatures of former UN staff with Addendum April2023,/wp-content/uploads/2023/06/Letter-to-UNSG-on-Ukraine-with-signatures-of-former-UN-staff-with-Addendum-April2023.pdf
2023,assets/files/2023/07/PRG-Appeal-to-prevent-nuclear-disaster-at-Zaporizhzhia-NPP-3-July-2023-Final-with-signatories.pdf,PRG Appeal to prevent nuclear disaster at Zaporizhzhia NPP 3 July 2023 Final with signatories,/wp-content/uploads/2023/07/PRG-Appeal-to-prevent-nuclear-disaster-at-Zaporizhzhia-NPP-3-July-2023-Final-with-signatories.pdf
2023,assets/files/2023/09/PRG-Booklet-on-An-Enhanced-Role-for-the-UN-in-Peace-and-Human-Security-Final10Sept2023_FOGGS-Papers-2023.pdf,PRG Booklet on An Enhanced Role for the UN in Peace and Human Security Final10Sept2023 FOGGS Papers 2023,/wp-content/uploads/2023/09/PRG-Booklet-on-An-Enhanced-Role-for-the-UN-in-Peace-and-Human-Security-Final10Sept2023_FOGGS-Papers-2023.pdf
2023,assets/files/2023/02/PRG-contribution-to-UNSG-New-Agenda-for-Peace-Final15Jan2023.pdf,PRG contribution to UNSG New Agenda for Peace Final15Jan2023,/wp-content/uploads/2023/02/PRG-contribution-to-UNSG-New-Agenda-for-Peace-Final15Jan2023.pdf
2023,assets/files/2023/10/PRG-Statement-on-Israel-Gaza_21Oct2023_Final.pdf,PRG Statement on Israel Gaza 21Oct2023 Final,/wp-content/uploads/2023/10/PRG-Statement-on-Israel-Gaza_21Oct2023_Final.pdf
2023,assets/files/2023/10/The-Zaporizhzhia-Case-FOGGS-Papers-2023.pdf,The Zaporizhzhia Case FOGGS Papers 2023,/wp-content/uploads/2023/10/The-Zaporizhzhia-Case-FOGGS-Papers-2023.pdf
2023,assets/files/2023/02/Europe-RFF-13March2023-C4UN_Poster.pdf,Europe RFF 13March2023 C4UN Poster,/wp-content/uploads/2023/02/Europe-RFF-13March2023-C4UN_Poster.pdf
2023,assets/files/2023/03/FOGGS_Georgios-Kostakos-contribution-to-the-EP-consultations-by-the-SOTF-Co-facilitators-16-March-2023.pdf,FOGGS Georgios Kostakos contribution to the EP consultations by the SOTF Co facilitators 16 March 2023,/wp-content/uploads/2023/03/FOGGS_Georgios-Kostakos-contribution-to-the-EP-consultations-by-the-SOTF-Co-facilitators-16-March-2023.pdf
2023,assets/files/2023/03/FOGGS_Global-Resilience-Council-GRC-proposal_elevator-pitch_March-2023-vs28Mar2023.pdf,FOGGS Global Resilience Council GRC proposal elevator pitch March 2023 vs28Mar2023,/wp-content/uploads/2023/03/FOGGS_Global-Resilience-Council-GRC-proposal_elevator-pitch_March-2023-vs28Mar2023.pdf
2023,assets/files/2023/04/FOGGS-Statute-modification-March-2023-MoniteurBelge23042058.pdf,FOGGS Statute modification March 2023 MoniteurBelge23042058,/wp-content/uploads/2023/04/FOGGS-Statute-modification-March-2023-MoniteurBelge23042058.pdf
2023,assets/files/2023/04/Letter-to-the-UNSG-by-former-UN-system-staff-dated-26-April-2023with-signatures.pdf,Letter to the UNSG by former UN system staff dated 26 April 2023with signatures,/wp-content/uploads/2023/04/Letter-to-the-UNSG-by-former-UN-system-staff-dated-26-April-2023with-signatures.pdf
2023,assets/files/2023/04/New-Draft-Letter-to-the-SG-Rev_20-Aprilb.pdf,New Draft Letter to the SG Rev 20 Aprilb,/wp-content/uploads/2023/04/New-Draft-Letter-to-the-SG-Rev_20-Aprilb.pdf
2023,assets/files/2023/05/Interim-Peoples-Pact-for-the-Future-Compressed-3-as-published-on-19-May-2023.pdf,Interim Peoples Pact for the Future Compressed 3 as published on 19 May 2023,/wp-content/uploads/2023/05/Interim-Peoples-Pact-for-the-Future-Compressed-3-as-published-on-19-May-2023.pdf
2023,assets/files/2023/08/A-Second-Charter_Imagining-a-Renewed-United-Nations_2023.pdf,A Second Charter Imagining a Renewed United Nations 2023,/wp-content/uploads/2023/08/A-Second-Charter_Imagining-a-Renewed-United-Nations_2023.pdf
2023,assets/files/2023/09/FOGGS-and-HumanizaCom_Global-South-Perspectives-Report-September-2023.pdf,FOGGS and HumanizaCom Global South Perspectives Report September 2023,/wp-content/uploads/2023/09/FOGGS-and-HumanizaCom_Global-South-Perspectives-Report-September-2023.pdf
2023,assets/files/2023/09/PRG-FOGGS-Zaporizhzhia-A.Zurita-25.09.2023-Final_Presentation.pdf,PRG FOGGS Zaporizhzhia A.Zurita 25.09.2023 Final Presentation,/wp-content/uploads/2023/09/PRG-FOGGS-Zaporizhzhia-A.Zurita-25.09.2023-Final_Presentation.pdf
2023,assets/files/2023/10/CA_NOW_E1_131023_P06_Article-by-Buyelwa-Sonjica-on-the-Global-Resilience-Council-Oct2023.pdf,CA NOW E1 131023 P06 Article by Buyelwa Sonjica on the Global Resilience Council Oct2023,/wp-content/uploads/2023/10/CA_NOW_E1_131023_P06_Article-by-Buyelwa-Sonjica-on-the-Global-Resilience-Council-Oct2023.pdf
2023,assets/files/2023/10/GK-Presentation-of-global-citizenship-at-ECPR-General-Conference_7Sept2023-REV1.pdf,GK Presentation of global citizenship at ECPR General Conference 7Sept2023 REV1,/wp-content/uploads/2023/10/GK-Presentation-of-global-citizenship-at-ECPR-General-Conference_7Sept2023-REV1.pdf
2023,assets/files/2023/11/Signatories-of-the-PRG-Statement-in-support-of-the-UNSG.pdf,Signatories of the PRG Statement in support of the UNSG,/wp-content/uploads/2023/11/Signatories-of-the-PRG-Statement-in-support-of-the-UNSG.pdf
2023,assets/files/2023/12/Call-to-World-Leaders-on-Gaza-Final_27-Dec-2023b.pdf,Call to World Leaders on Gaza Final 27 Dec 2023b,/wp-content/uploads/2023/12/Call-to-World-Leaders-on-Gaza-Final_27-Dec-2023b.pdf
2022,assets/files/2022/11/Brief-Overview-of-the-PRG-Final-Nov2022.pdf,Brief Overview of the PRG Final Nov2022,/wp-content/uploads/2022/11/Brief-Overview-of-the-PRG-Final-Nov2022.pdf
2022,assets/files/2022/03/Discussion-Summary-27Jan22-informal-FOGGS-roundtable-on-OCA.pdf,Discussion Summary 27Jan22 informal FOGGS roundtable on OCA,/wp-content/uploads/2022/03/Discussion-Summary-27Jan22-informal-FOGGS-roundtable-on-OCA.pdf
2022,assets/files/2022/03/Discussion_Summary-FOGGS_closed_roundtable_18_Feb_2022_final.pdf,Discussion Summary FOGGS closed roundtable 18 Feb 2022 final,/wp-content/uploads/2022/03/Discussion_Summary-FOGGS_closed_roundtable_18_Feb_2022_final.pdf
2022,assets/files/2022/08/FOGGS-proposal-submitted-to-UN-HLAB-on-a-Global-Resilience-Council-12-August-2022.pdf,FOGGS proposal submitted to UN HLAB on a Global Resilience Council 12 August 2022,/wp-content/uploads/2022/08/FOGGS-proposal-submitted-to-UN-HLAB-on-a-Global-Resilience-Council-12-August-2022.pdf
2022,assets/files/2022/07/Global-Governance-Reform-proposals_a-Taxonomy_Draft5-21June2022-FOGGS.pdf,Global Governance Reform proposals a Taxonomy Draft5 21June2022 FOGGS,/wp-content/uploads/2022/07/Global-Governance-Reform-proposals_a-Taxonomy_Draft5-21June2022-FOGGS.pdf
2022,assets/files/2022/04/GRC-Climate-Paper-Complete.pdf,GRC Climate Paper Complete,/wp-content/uploads/2022/04/GRC-Climate-Paper-Complete.pdf
2022,assets/files/2022/10/GRC-Pandemic-Discussion-Paper-Final-June-2022.pdf,GRC Pandemic Discussion Paper Final June 2022,/wp-content/uploads/2022/10/GRC-Pandemic-Discussion-Paper-Final-June-2022.pdf
2022,assets/files/2022/09/Open-Letter-to-UNSG-and-world-leaders-from-former-UN-system-staff-7Sept2022-FINAL.pdf,Open Letter to UNSG and world leaders from former UN system staff 7Sept2022 FINAL,/wp-content/uploads/2022/09/Open-Letter-to-UNSG-and-world-leaders-from-former-UN-system-staff-7Sept2022-FINAL.pdf
2022,assets/files/2022/01/FOGGS_Georgios-Kostakos-Presentation-at-C4UN-Global-Peoples-Forum-8Dec2021Final.pdf,FOGGS Georgios Kostakos Presentation at C4UN Global Peoples Forum 8Dec2021Final,/wp-content/uploads/2022/01/FOGGS_Georgios-Kostakos-Presentation-at-C4UN-Global-Peoples-Forum-8Dec2021Final.pdf
2022,assets/files/2022/04/Addendum-to-the-Letter-to-UNSG-by-former-UN-officials-dated-15th-April-2022.pdf,Addendum to the Letter to UNSG by former UN officials dated 15th April 2022,/wp-content/uploads/2022/04/Addendum-to-the-Letter-to-UNSG-by-former-UN-officials-dated-15th-April-2022.pdf
2022,assets/files/2022/04/Letter-to-UNSG-on-Ukraine-with-signatures-of-former-UN-staff-as-of-18Apr2022-08h00-NY-Time.pdf,Letter to UNSG on Ukraine with signatures of former UN staff as of 18Apr2022 08h00 NY Time,/wp-content/uploads/2022/04/Letter-to-UNSG-on-Ukraine-with-signatures-of-former-UN-staff-as-of-18Apr2022-08h00-NY-Time.pdf
2022,assets/files/2022/05/Second-letter-of-former-UN-staff-to-the-UNSG-on-Ukraine-13May2022.pdf,Second letter of former UN staff to the UNSG on Ukraine 13May2022,/wp-content/uploads/2022/05/Second-letter-of-former-UN-staff-to-the-UNSG-on-Ukraine-13May2022.pdf
2022,assets/files/2022/08/FOGGS-proposal-submitted-to-UN-HLAB-on-a-series-of-global-conferences-12-August-2022.pdf,FOGGS proposal submitted to UN HLAB on a series of global conferences 12 August 2022,/wp-content/uploads/2022/08/FOGGS-proposal-submitted-to-UN-HLAB-on-a-series-of-global-conferences-12-August-2022.pdf
2022,assets/files/2022/09/FOGGS-23-September-NYC-event_per020922-1135.pdf,FOGGS 23 September NYC event per020922 1135,/wp-content/uploads/2022/09/FOGGS-23-September-NYC-event_per020922-1135.pdf
2022,assets/files/2022/09/FOGGS-GCINET-23-September-NYC-event_per120922-1230.pdf,FOGGS GCINET 23 September NYC event per120922 1230,/wp-content/uploads/2022/09/FOGGS-GCINET-23-September-NYC-event_per120922-1230.pdf
2022,assets/files/2022/09/Open-letter-to-UNSG-and-world-leaders-vs31-Aug-2022.pdf,Open letter to UNSG and world leaders vs31 Aug 2022,/wp-content/uploads/2022/09/Open-letter-to-UNSG-and-world-leaders-vs31-Aug-2022.pdf
2022,assets/files/2022/10/GRC-Presentation_23-Sept-2022-event-ver3.pdf,GRC Presentation 23 Sept 2022 event ver3,/wp-content/uploads/2022/10/GRC-Presentation_23-Sept-2022-event-ver3.pdf
2022,assets/files/2022/10/Global_Governance_Event_NYC_23_Sep_2022_Report-Final.pdf,Global Governance Event NYC 23 Sep 2022 Report Final,/wp-content/uploads/2022/10/Global_Governance_Event_NYC_23_Sep_2022_Report-Final.pdf
2022,assets/files/2022/10/The-Conflict-in-Ukraine-A-Possible-Framework-for-Negotiations-with-Cover-Note-June-2022.pdf,The Conflict in Ukraine A Possible Framework for Negotiations with Cover Note June 2022,/wp-content/uploads/2022/10/The-Conflict-in-Ukraine-A-Possible-Framework-for-Negotiations-with-Cover-Note-June-2022.pdf
2022,assets/files/2022/11/Letter-to-G20-Leaders-11-Nov-2022v5.pdf,Letter to G20 Leaders 11 Nov 2022v5,/wp-content/uploads/2022/11/Letter-to-G20-Leaders-11-Nov-2022v5.pdf
2021,assets/files/2021/03/FOGGS-Brochure-FINAL-05.03.21.pdf,FOGGS Brochure FINAL 05.03.21,/wp-content/uploads/2021/03/FOGGS-Brochure-FINAL-05.03.21.pdf
2021,assets/files/2021/03/FOGGS_GRC-Brainstorming-Note-Final31-March-2021.pdf,FOGGS GRC Brainstorming Note Final31 March 2021,/wp-content/uploads/2021/03/FOGGS_GRC-Brainstorming-Note-Final31-March-2021.pdf
2021,assets/files/2021/06/FOGGS_GRC-Revisited-Slides-FINAL_23June2021.pdf,FOGGS GRC Revisited Slides FINAL 23June2021,/wp-content/uploads/2021/06/FOGGS_GRC-Revisited-Slides-FINAL_23June2021.pdf
2021,assets/files/2021/06/FOGGS_GRC-Revisited-Text-FINAL_23June2021.pdf,FOGGS GRC Revisited Text FINAL 23June2021,/wp-content/uploads/2021/06/FOGGS_GRC-Revisited-Text-FINAL_23June2021.pdf
2021,assets/files/2021/07/FOGGS-Statute-modification-June-2021-MoniteurBelge21073549.pdf,FOGGS Statute modification June 2021 MoniteurBelge21073549,/wp-content/uploads/2021/07/FOGGS-Statute-modification-June-2021-MoniteurBelge21073549.pdf
2021,assets/files/2021/10/FOGGS-UN2100-Initiative-Background-Paper-on-OCA-report-October-2021.pdf,FOGGS UN2100 Initiative Background Paper on OCA report October 2021,/wp-content/uploads/2021/10/FOGGS-UN2100-Initiative-Background-Paper-on-OCA-report-October-2021.pdf
2021,assets/files/2021/12/FOGGS-UN2100-OCA-Critical-Review_Discussion-Paper-Final_30Nov2021.pdf,FOGGS UN2100 OCA Critical Review Discussion Paper Final 30Nov2021,/wp-content/uploads/2021/12/FOGGS-UN2100-OCA-Critical-Review_Discussion-Paper-Final_30Nov2021.pdf
2021,assets/files/2021/03/India-SDG-implementation-QMULprojectFinalFinalReport31Mar2021.pdf,India SDG implementation QMULprojectFinalFinalReport31Mar2021,/wp-content/uploads/2021/03/India-SDG-implementation-QMULprojectFinalFinalReport31Mar2021.pdf
2021,assets/files/2021/07/India-SDG-Report_EnglishFinalFF24June2021.pdf,India SDG Report EnglishFinalFF24June2021,/wp-content/uploads/2021/07/India-SDG-Report_EnglishFinalFF24June2021.pdf
2021,assets/files/2021/07/India-SDG-Report_KannadaFinalFF24June2021.pdf,India SDG Report KannadaFinalFF24June2021,/wp-content/uploads/2021/07/India-SDG-Report_KannadaFinalFF24June2021.pdf
2021,assets/files/2021/10/M4CE-Background-Paper-Final.pdf,M4CE Background Paper Final,/wp-content/uploads/2021/10/M4CE-Background-Paper-Final.pdf
2021,assets/files/2021/03/Press-Release_IndiaSDGreport_Final_1April2021.pdf,Press Release IndiaSDGreport Final 1April2021,/wp-content/uploads/2021/03/Press-Release_IndiaSDGreport_Final_1April2021.pdf
2021,assets/files/2021/06/FOGGS-Webinar_Biden-Climate-Summit_29April2021-Transcript-3-June-2021.pdf,FOGGS Webinar Biden Climate Summit 29April2021 Transcript 3 June 2021,/wp-content/uploads/2021/06/FOGGS-Webinar_Biden-Climate-Summit_29April2021-Transcript-3-June-2021.pdf
2020,assets/files/2020/08/Briefing-Note-on-UN-system-working-methods-under-COVID-19-from-FOGGS-28-July-2020-Brainstorming-Final-3-Aug-2020b.pdf,Briefing Note on UN system working methods under COVID 19 from FOGGS 28 July 2020 Brainstorming Final 3 Aug 2020b,/wp-content/uploads/2020/08/Briefing-Note-on-UN-system-working-methods-under-COVID-19-from-FOGGS-28-July-2020-Brainstorming-Final-3-Aug-2020b.pdf
2020,assets/files/2020/10/COVIDEA-Primer_FINAL_October2020.pdf,COVIDEA Primer FINAL October2020 2,/wp-content/uploads/2020/10/COVIDEA-Primer_FINAL_October2020-2.pdf
2020,assets/files/2020/05/FOGGS-Action-Plan_-UN-and-the-world-post-COVID-19_7-May-2020-Final.pdf,FOGGS Action Plan UN and the world post COVID 19 7 May 2020 Final,/wp-content/uploads/2020/05/FOGGS-Action-Plan_-UN-and-the-world-post-COVID-19_7-May-2020-Final.pdf
2020,assets/files/2020/04/FOGGS-Discussion-Paper-UN-and-COVID-19-16-April-2020Final.pdf,FOGGS Discussion Paper UN and COVID 19 16 April 2020Final,/wp-content/uploads/2020/04/FOGGS-Discussion-Paper-UN-and-COVID-19-16-April-2020Final.pdf
2020,assets/files/2020/11/FOGGS-General-Presentation-3-Nov-2020.pdf,FOGGS General Presentation 3 Nov 2020,/wp-content/uploads/2020/11/FOGGS-General-Presentation-3-Nov-2020.pdf
2020,assets/files/2020/06/FOGGS-Insights-Paper_-Operating-the-UN-System-Under-Crisis-Conditions-Final-17-June-2020bb.pdf,FOGGS Insights Paper Operating the UN System Under Crisis Conditions Final 17 June 2020bb,/wp-content/uploads/2020/06/FOGGS-Insights-Paper_-Operating-the-UN-System-Under-Crisis-Conditions-Final-17-June-2020bb.pdf
2020,assets/files/2020/04/FOGGS-Statute-Amendment_as-published-in-Le-Moniteur-Belge-20-February-2020_20028745.pdf,FOGGS Statute Amendment as published in Le Moniteur Belge 20 February 2020 20028745 1,/wp-content/uploads/2020/04/FOGGS-Statute-Amendment_as-published-in-Le-Moniteur-Belge-20-February-2020_20028745-1.pdf
2020,assets/files/2020/08/FOGGS-UN75plus25_Proposal_I-New-Narrative_zero-draftfinal29-Aug-2020-1.pdf,FOGGS UN75plus25 Proposal I New Narrative zero draftfinal29 Aug 2020 1,/wp-content/uploads/2020/08/FOGGS-UN75plus25_Proposal_I-New-Narrative_zero-draftfinal29-Aug-2020-1.pdf
2020,assets/files/2020/08/FOGGS-UN75plus25_Proposal_II-Global-Resilience-Council_zero-draftfinal29-Aug-2020-1.pdf,FOGGS UN75plus25 Proposal II Global Resilience Council zero draftfinal29 Aug 2020 1,/wp-content/uploads/2020/08/FOGGS-UN75plus25_Proposal_II-Global-Resilience-Council_zero-draftfinal29-Aug-2020-1.pdf
2020,assets/files/2020/12/Resilience-Council-Proposal-vs24Nov2020.pdf,Resilience Council Proposal vs24Nov2020,/wp-content/uploads/2020/12/Resilience-Council-Proposal-vs24Nov2020.pdf
2020,assets/files/2020/01/FOGGS-Board-photos-Jan-2020.pdf,FOGGS Board photos Jan 2020,/wp-content/uploads/2020/01/FOGGS-Board-photos-Jan-2020.pdf
2020,assets/files/2020/06/FOGGS-Insights-Paper_-Operating-the-UN-System-Under-Crisis-Conditions-Final-17-June-2020.pdf,FOGGS Insights Paper Operating the UN System Under Crisis Conditions Final 17 June 2020,/wp-content/uploads/2020/06/FOGGS-Insights-Paper_-Operating-the-UN-System-Under-Crisis-Conditions-Final-17-June-2020.pdf
2020,assets/files/2020/06/FOGGS-Insights-Paper_-Operating-the-UN-System-Under-Crisis-Conditions-Final-17-June-2020b.pdf,FOGGS Insights Paper Operating the UN System Under Crisis Conditions Final 17 June 2020b,/wp-content/uploads/2020/06/FOGGS-Insights-Paper_-Operating-the-UN-System-Under-Crisis-Conditions-Final-17-June-2020b.pdf
2020,assets/files/2020/08/The-Dais-Global-Voice-Program-Brochure-8-Aug-2020.pdf,The Dais Global Voice Program Brochure 8 Aug 2020,/wp-content/uploads/2020/08/The-Dais-Global-Voice-Program-Brochure-8-Aug-2020.pdf
2020,assets/files/2020/10/Larry-Johnson-pic-from-UN-sent-Sept2020.pdf,Larry Johnson pic from UN sent Sept2020,/wp-content/uploads/2020/10/Larry-Johnson-pic-from-UN-sent-Sept2020.pdf
2019,assets/files/2019/02/A-new-kind-of-education-for-global-citizens-draft2-16-Feb-2019-2.pdf,A new kind of education for global citizens draft2 16 Feb 2019 1,/wp-content/uploads/2019/02/A-new-kind-of-education-for-global-citizens-draft2-16-Feb-2019-1.pdf
2019,assets/files/2019/01/FOGGS-Statute-MODIFICATIONS-Moniteur-Belge-31-July-2018.pdf,FOGGS Statute MODIFICATIONS Moniteur Belge 31 July 2018,/wp-content/uploads/2019/01/FOGGS-Statute-MODIFICATIONS-Moniteur-Belge-31-July-2018.pdf
2019,assets/files/2019/01/FOGGS-UN2100-Discussion-Paper27-Jan-2019.pdf,FOGGS UN2100 Discussion Paper27 Jan 2019,/wp-content/uploads/2019/01/FOGGS-UN2100-Discussion-Paper27-Jan-2019.pdf
2017,assets/files/2017/12/FOGGS_Statute_Moniteur_Belge_26_August_2013.pdf,FOGGS Statute Moniteur Belge 26 August 2013,/wp-content/uploads/2017/12/FOGGS_Statute_Moniteur_Belge_26_August_2013.pdf
